Prompt,Response
"1 / 1помоги написать helpdesk систему, используя python django и react. веди меня по шагам
","1 / 1Хорошо, вот пошаговый план для создания helpdesk системы с использованием Python Django и React:Шаг 1: Установка и создание Django проектаУстановите Python и Django на свой компьютер, если они еще не установленыСоздайте новый Django проект с помощью команды: django-admin startproject project_nameСоздайте новое Django приложение, которое будет содержать все ваши представления, модели и URL-адреса для helpdesk системыШаг 2: Создание базы данныхОпределите модели, которые будут использоваться в вашей helpdesk системеСоздайте миграции для ваших моделей и примените их к базе данных с помощью команды: python manage.py makemigrations и python manage.py migrateШаг 3: Создание API с помощью Django Rest FrameworkУстановите Django Rest Framework с помощью команды: pip install djangorestframeworkСоздайте сериализаторы для каждой модели, которые будут использоваться в вашей helpdesk системеСоздайте представления для взаимодействия с вашими моделями и сериализаторамиСоздайте URL-адреса, которые будут использоваться для доступа к вашим представлениямШаг 4: Создание клиентского приложения ReactУстановите Node.js и создайте новое React приложение с помощью команды: npx create-react-app clientУстановите необходимые зависимости, включая axios для работы с API DjangoСоздайте компоненты, которые будут использоваться в вашем клиентском приложенииСоздайте маршрутизацию для вашего приложения, которая будет связывать URL-адреса с вашими компонентамиШаг 5: Интеграция Django API с ReactСоздайте функции для выполнения запросов API с помощью axios в вашем клиентском приложении ReactИспользуйте эти функции для получения и отправки данных на ваш Django APIОбновляйте ваше пользовательское интерфейс при получении данных от API и отправляйте данные на API при взаимодействии пользователя с вашим клиентским приложениемШаг 6: Деплой и запуск приложенияЗапустите Django сервер с помощью команды: python manage.py runserverЗапустите React приложение с помощью команды: npm startОпубликуйте ваше приложение на хостинге, таком как Heroku или AWS, чтобы сделать его доступным для широкой аудитории.Это лишь общий план, но следуя этим шагам, вы сможете создать полнофункциональную helpdesk систему с использованием Python Django и React. Не"
"1 / 1распиши подробнее","1 / 1Шаг 1: Установка и создание Django проектаПеред началом работы вам необходимо установить Python и Django на свой компьютер. Чтобы установить Django, вам нужно открыть командную строку и выполнить следующую команду:Copy codepip install django
Когда установка завершена, вы можете создать новый проект Django с помощью команды:Copy codedjango-admin startproject project_name
Эта команда создаст папку проекта с именем project_name, которая будет содержать все необходимые файлы и папки для запуска Django-приложения.После создания проекта вам нужно создать новое приложение Django с помощью команды:Copy codepython manage.py startapp app_name
Эта команда создаст папку приложения с именем app_name, которая будет содержать все представления, модели и URL-адреса для вашей helpdesk системы.Шаг 2: Создание базы данныхДля хранения данных вам необходимо создать базу данных. Django предлагает ORM (Object-Relational Mapping), который позволяет вам работать с базой данных, не зная SQL-запросов.Для создания модели необходимо создать класс в файле models.py. Вот пример модели для создания таблицы тикетов (ticket):pythonCopy codefrom django.db import models

class Ticket(models.Model):
    title = models.CharField(max_length=200)
    description = models.TextField()
    status = models.CharField(max_length=20)
    created_at = models.DateTimeField(auto_now_add=True)
    updated_at = models.DateTimeField(auto_now=True)
Здесь мы создали модель Ticket с несколькими полями, такими как заголовок, описание, статус и дата создания/обновления.После создания модели необходимо создать миграцию для базы данных, которая позволит Django понимать, как создать таблицу. Для этого выполните следующие команды:Copy codepython manage.py makemigrations
python manage.py migrate
Шаг 3: Создание API с помощью Django Rest FrameworkDjango Rest Framework - это инструментарий для создания API на основе Django. Он позволяет легко определять сериализаторы, представления и URL-адреса для ваших моделей.Для начала необходимо установить Django Rest Framework с помощью команды:Copy codepip install djangorestframework
Затем вам нужно создать сериализатор для модели. Сериализатор преобразует модель в формат JSON или XML, чтобы его было легче отправлять по сети. Вот пример сериализатора для модели Ticket:pythonCopy codefrom rest_framework import serializers
from .models import Ticket

class TicketSerializer(serializers.ModelSerializer):
    class Meta:
        model = Ticket
        fields = '__all__'
Здесь мы создали сериализатор TicketSerializer,"
"1 / 1продолжи","1 / 1который преобразует объекты модели Ticket в формат JSON.Далее необходимо создать представление (view) для вашего API. Представление обрабатывает запросы к API и возвращает соответствующие данные. Вот пример представления для модели Ticket:pythonCopy codefrom rest_framework import generics
from .models import Ticket
from .serializers import TicketSerializer

class TicketList(generics.ListCreateAPIView):
    queryset = Ticket.objects.all()
    serializer_class = TicketSerializer

class TicketDetail(generics.RetrieveUpdateDestroyAPIView):
    queryset = Ticket.objects.all()
    serializer_class = TicketSerializer
Здесь мы создали два представления TicketList и TicketDetail. TicketList возвращает список всех тикетов в базе данных, а TicketDetail возвращает конкретный тикет по его идентификатору.Чтобы настроить URL-адреса для этих представлений, создайте файл urls.py в папке приложения и добавьте следующий код:pythonCopy codefrom django.urls import path
from .views import TicketList, TicketDetail

urlpatterns = [
    path('tickets/', TicketList.as_view(), name='ticket-list'),
    path('tickets/<int:pk>/', TicketDetail.as_view(), name='ticket-detail'),
]
Этот код настраивает URL-адреса для представлений TicketList и TicketDetail.Шаг 4: Создание фронтенда с помощью ReactReact - это JavaScript библиотека, которая используется для создания интерактивных пользовательских интерфейсов. Чтобы начать работу с React, вам необходимо установить Node.js и пакетный менеджер npm на свой компьютер.Затем вы можете создать новый проект React с помощью следующей команды:luaCopy codenpx create-react-app my-app
Эта команда создаст новый проект React с именем my-app.Для создания компонентов React, отображающих данные вашего API, вам нужно использовать библиотеку Axios для получения данных с сервера. Установите Axios с помощью следующей команды:Copy codenpm install axios
Затем создайте компонент, который получает данные с API и отображает их. Вот пример компонента, который получает список тикетов из API и отображает их в виде таблицы:javascriptCopy codeimport React, { useState, useEffect } from 'react';
import axios from 'axios';

function TicketList() {
  const [tickets, setTickets] = useState([]);

  useEffect(() => {
    axios.get('/api/tickets/')
      .then(response => {
        setTickets(response.data);
      })
      .catch(error => {
        console.log(error);
      })
  }, []);

  return (
    <table>
      <thead>
        <tr>
          <th>Title</th>
          <th>Description</th>
          <th>Status</th>
        </tr>
      </thead>
      <tbody>
        {tickets.map(ticket => (
          <tr key={ticket.id}>
            <td>{ticket.title}</td>
            <
"
"1 / 1продолжи","1 / 1<td>{ticket.description}</td>
            <td>{ticket.status}</td>
          </tr>
        ))}
      </tbody>
    </table>
  );
}export default TicketList;arduinoCopy code
Здесь мы используем `useState` и `useEffect` для получения списка тикетов из API и установки их в состояние компонента. Затем мы отображаем список тикетов в виде таблицы.

Вы можете использовать этот компонент в своем приложении, импортировав его и разместив на нужной странице. Например:

```javascript
import React from 'react';
import TicketList from './TicketList';

function App() {
  return (
    <div>
      <h1>Ticket List</h1>
      <TicketList />
    </div>
  );
}

export default App;
Шаг 5: Запуск приложенияЧтобы запустить ваше Django-React приложение, вы должны запустить Django сервер и сервер разработки React.Чтобы запустить Django сервер, перейдите в папку проекта и выполните следующие команды:Copy codepython manage.py makemigrations
python manage.py migrate
python manage.py runserver
Затем, чтобы запустить сервер разработки React, откройте новое окно терминала, перейдите в папку проекта и выполните следующие команды:bashCopy codecd my-app
npm start
После этого вы можете открыть свой браузер и перейти по адресу http://localhost:3000, чтобы увидеть свое приложение в действии.В заключениеВ этом руководстве мы рассмотрели, как создать helpdesk систему с помощью Python Django и React. Мы создали модели Django для тикетов и пользователей, настроили API с помощью Django REST framework и создали фронтенд с помощью React. Вы можете дополнить свою систему другими функциями, например, добавить возможность комментирования тикетов или создания новых пользователей."
"1 / 1как добавить возможность комментирования тикетов?","1 / 1Чтобы добавить возможность комментирования тикетов в вашу helpdesk систему, вам нужно внести некоторые изменения в существующий код. Вот шаги, которые вам нужно выполнить:Шаг 1: Добавление модели комментарияСначала вам нужно создать модель комментария в Django. Она будет содержать информацию о тикете, к которому относится комментарий, авторе комментария, тексте и времени создания. Создайте новый файл models.py в приложении helpdesk и добавьте следующий код:pythonCopy codefrom django.db import models
from django.contrib.auth.models import User
from .ticket import Ticket

class Comment(models.Model):
    ticket = models.ForeignKey(Ticket, on_delete=models.CASCADE, related_name='comments')
    author = models.ForeignKey(User, on_delete=models.CASCADE)
    text = models.TextField()
    created_at = models.DateTimeField(auto_now_add=True)

    def __str__(self):
        return f'Comment by {self.author.username} on {self.ticket.title}'
Эта модель связывается с моделью Ticket через внешний ключ и использует модель User для хранения автора комментария.Шаг 2: Создание сериализатора для комментариевЗатем вы должны создать сериализатор для комментариев в Django REST framework. Создайте новый файл serializers.py в приложении helpdesk и добавьте следующий код:pythonCopy codefrom rest_framework import serializers
from .models import Ticket, Comment

class CommentSerializer(serializers.ModelSerializer):
    author = serializers.ReadOnlyField(source='author.username')

    class Meta:
        model = Comment
        fields = ['id', 'ticket', 'author', 'text', 'created_at']
Этот сериализатор будет использоваться для преобразования моделей комментариев в JSON и обратно. Мы устанавливаем author в ReadOnlyField, чтобы пользователи не могли изменять автора комментария в запросах.Шаг 3: Добавление вьюх для комментариевТеперь добавим вьюхи для комментариев в Django. Создайте новый файл views.py в приложении helpdesk и добавьте следующий код:pythonCopy codefrom rest_framework import viewsets
from rest_framework.permissions import IsAuthenticatedOrReadOnly
from .serializers import CommentSerializer
from .models import Comment

class CommentViewSet(viewsets.ModelViewSet):
    queryset = Comment.objects.all()
    serializer_class = CommentSerializer
    permission_classes = [IsAuthenticatedOrReadOnly]

    def perform_create(self, serializer):
        serializer.save(author=self.request.user)
Эта вьюха наследуется от ModelViewSet и использует CommentSerializer для сериализации и десериализации комментариев. Мы также добавили IsAuthenticatedOrReadOnly в permission_classes, чтобы только аутентифицированные пользователи могли создавать комментарии. Метод perform_create сохраняет автора комментария в поле author.Шаг"
"1 / 1дальше","1 / 1Шаг 4: Добавление URL-адресов для комментариевТеперь вам нужно добавить URL-адреса для комментариев в файл urls.py в приложении helpdesk. Добавьте следующий код:pythonCopy codefrom django.urls import include, path
from rest_framework import routers
from .views import TicketViewSet, CommentViewSet

router = routers.DefaultRouter()
router.register(r'tickets', TicketViewSet)
router.register(r'comments', CommentViewSet)

urlpatterns = [
    path('', include(router.urls)),
]
Этот код регистрирует CommentViewSet вместе с TicketViewSet в router и добавляет URL-адреса для обоих вьюх.Шаг 5: Добавление комментариев на фронтендНаконец, вам нужно добавить возможность комментирования тикетов на фронтенде. В файле TicketDetails.js внесите следующие изменения:jsxCopy codeimport React, { useState, useEffect } from 'react';
import axios from 'axios';

function TicketDetails(props) {
  const [ticket, setTicket] = useState({});
  const [comments, setComments] = useState([]);
  const [text, setText] = useState('');

  useEffect(() => {
    axios.get(`/api/tickets/${props.match.params.id}/`)
      .then(response => setTicket(response.data))
      .catch(error => console.log(error));

    axios.get(`/api/tickets/${props.match.params.id}/comments/`)
      .then(response => setComments(response.data))
      .catch(error => console.log(error));
  }, [props.match.params.id]);

  const handleSubmit = event => {
    event.preventDefault();
    const data = { ticket: ticket.id, text };
    axios.post('/api/comments/', data)
      .then(response => {
        setComments([...comments, response.data]);
        setText('');
      })
      .catch(error => console.log(error));
  };

  return (
    <div>
      <h1>{ticket.title}</h1>
      <p>{ticket.description}</p>
      <ul>
        {comments.map(comment => (
          <li key={comment.id}>
            <p>{comment.text}</p>
            <p>by {comment.author} on {comment.created_at}</p>
          </li>
        ))}
      </ul>
      <form onSubmit={handleSubmit}>
        <textarea value={text} onChange={event => setText(event.target.value)}></textarea>
        <button type=""submit"">Add Comment</button>
      </form>
    </div>
  );
}

export default TicketDetails;
Мы добавляем новое состояние comments для хранения комментариев к тикету и text для хранения текста комментария. В методе handleSubmit мы отправляем POST-запрос на сервер с данными комментария и обновляем состояние comments после получения ответа.Теперь у вас должна быть полнофункциональная система helpdesk с возможностью комментирования тикетов."
"1 / 1как добавить возможность создания новых пользователей?","1 / 1Шаг 1: Создание модели пользователяВам нужно создать модель пользователя в вашем Django-приложении. В файле models.py добавьте следующий код:pythonCopy codefrom django.contrib.auth.models import AbstractUser

class User(AbstractUser):
    pass
Это создаст новую модель пользователя, наследованную от AbstractUser из Django.Шаг 2: Обновление настроек приложенияТеперь нужно обновить настройки приложения в файле settings.py. Добавьте следующие строки в конец файла:pythonCopy codeAUTH_USER_MODEL = 'helpdesk.User'
Это сообщает Django, что теперь вы используете вашу собственную модель пользователя User вместо стандартной.Шаг 3: Создание формы регистрацииВ файле forms.py создайте форму для регистрации новых пользователей:pythonCopy codefrom django import forms
from django.contrib.auth.forms import UserCreationForm
from .models import User

class SignUpForm(UserCreationForm):
    class Meta:
        model = User
        fields = ('username', 'email', 'password1', 'password2')
Это создаст форму, которая позволяет пользователям ввести свои имя пользователя, электронную почту и пароль.Шаг 4: Создание вьюхи для регистрацииТеперь нужно создать вьюху для обработки запросов на регистрацию. В файле views.py добавьте следующий код:pythonCopy codefrom django.shortcuts import render, redirect
from django.contrib.auth import login
from .forms import SignUpForm

def signup(request):
    if request.method == 'POST':
        form = SignUpForm(request.POST)
        if form.is_valid():
            user = form.save()
            login(request, user)
            return redirect('home')
    else:
        form = SignUpForm()
    return render(request, 'signup.html', {'form': form})
Это создает функцию signup, которая обрабатывает запросы на регистрацию. Если запрос метода POST и форма действительна, то пользователь будет создан и войдет в систему. Затем он будет перенаправлен на главную страницу.Шаг 5: Создание шаблона для регистрацииВ файле templates создайте шаблон для регистрации. Создайте файл signup.html и добавьте в него следующий код:htmlCopy code{% extends 'base.html' %}

{% block content %}
  <h2>Sign up</h2>
  <form method=""post"">
    {% csrf_token %}
    {{ form.as_p }}
    <button type=""submit"">Sign up</button>
  </form>
{% endblock %}
Это создаст форму для регистрации новых пользователей.Шаг 6: Обновление URL-адресовТеперь нужно обновить URL-адреса в файле urls.py. Добавьте следующие строки:pythonCopy codefrom django.urls import path
from .views import signup

urlpatterns = [
    path('signup/', signup, name='
"
"1 / 1дальше","1 / 1Шаг 7: Добавление ссылки на форму регистрацииТеперь нужно добавить ссылку на форму регистрации в вашем приложении. В файле base.html добавьте ссылку:htmlCopy code<ul>
  <li><a href=""{% url 'home' %}"">Home</a></li>
  <li><a href=""{% url 'ticket_list' %}"">Tickets</a></li>
  {% if user.is_authenticated %}
    <li><a href=""{% url 'logout' %}"">Log out</a></li>
  {% else %}
    <li><a href=""{% url 'login' %}"">Log in</a></li>
    <li><a href=""{% url 'signup' %}"">Sign up</a></li>
  {% endif %}
</ul>
Это добавит ссылку на страницу регистрации в вашем приложении.Шаг 8: Обновление базы данныхТеперь нужно обновить базу данных, чтобы она учитывала новую модель пользователя. Запустите следующие команды в терминале:Copy codepython manage.py makemigrations
python manage.py migrate
Это создаст новую таблицу в базе данных для пользователей.Шаг 9: ТестированиеТеперь можно протестировать вашу систему регистрации. Запустите приложение, перейдите на страницу регистрации и создайте нового пользователя. Затем попробуйте войти в систему с использованием созданного аккаунта. Если все работает правильно, то вы должны суметь войти в систему и создавать и редактировать тикеты."
"1 / 1как добавить к этому проекту базу на MySQL?","1 / 1Чтобы использовать MySQL в вашем проекте Django, вам нужно выполнить несколько шагов:Шаг 1: Установка MySQLСначала установите сервер MySQL на свой компьютер, если его еще нет. Вы можете загрузить MySQL Community Server с официального сайта MySQL: https://dev.mysql.com/downloads/mysql/Шаг 2: Установка драйвера для PythonДля использования MySQL в вашем приложении Django нужно установить драйвер для Python. Рекомендуется использовать драйвер mysqlclient, который можно установить с помощью следующей команды:Copy codepip install mysqlclient
Шаг 3: Создание базы данныхТеперь нужно создать базу данных MySQL для вашего приложения. Войдите в командную строку MySQL и выполните следующую команду:sqlCopy codeCREATE DATABASE <имя_базы_данных> CHARACTER SET utf8mb4 COLLATE utf8mb4_unicode_ci;
Шаг 4: Настройка DjangoОткройте файл settings.py в вашем приложении Django и внесите следующие изменения:pythonCopy codeDATABASES = {
    'default': {
        'ENGINE': 'django.db.backends.mysql',
        'NAME': '<имя_базы_данных>',
        'USER': '<имя_пользователя>',
        'PASSWORD': '<пароль_пользователя>',
        'HOST': 'localhost',
        'PORT': '3306',
        'OPTIONS': {
            'charset': 'utf8mb4',
        },
    }
}
Замените <имя_базы_данных>, <имя_пользователя> и <пароль_пользователя> на соответствующие значения, которые вы указали при создании базы данных MySQL.Шаг 5: Миграции базы данныхТеперь нужно выполнить миграции базы данных, чтобы создать таблицы и поля для моделей вашего приложения. Выполните следующие команды в терминале:Copy codepython manage.py makemigrations
python manage.py migrate
Шаг 6: ТестированиеТеперь можно запустить ваше приложение и убедиться, что оно использует базу данных MySQL."